fborhan1,2024-07-19_T22-33-16,316,0.01,wpca,7,10,0.7,0.65,False,False,114.4911949634552,0,A100,sim-siva_dataset100_source12_sample32768_seed7.mat,results/MathPath2024/
fborhan1,2024-07-23_T19-35-43,500,0.001,wpca,7,10,0.95,0.99,True,False,524.2484891414642,2,RTX,sim-siva_dataset100_source12_sample32768_seed7.mat,results/MathPath2024/
fborhan1,2024-07-23_T19-39-19,200,0.001,wpca,7,100,0.65,0.9,True,False,437.3921709060669,2,A40,sim-siva_dataset100_source12_sample32768_seed7.mat,results/MathPath2024/
fborhan1,2024-07-23_T19-40-54,316,0.1,wpca,7,10,0.95,0.81,False,False,351.99039697647095,2,A40,sim-siva_dataset100_source12_sample32768_seed7.mat,results/MathPath2024/
fborhan1,2024-07-23_T19-42-14,200,0.1,wpca,7,10,0.65,0.99,True,False,437.1189880371094,2,A40,sim-siva_dataset100_source12_sample32768_seed7.mat,results/MathPath2024/
fborhan1,2024-07-23_T19-37-15,200,0.1,wpca,7,100,0.95,0.99,False,False,757.2709970474243,2,RTX,sim-siva_dataset100_source12_sample32768_seed7.mat,results/MathPath2024/
fborhan1,2024-07-23_T19-46-51,500,0.001,wpca,7,100,0.65,0.81,False,False,508.75440096855164,2,RTX,sim-siva_dataset100_source12_sample32768_seed7.mat,results/MathPath2024/
fborhan1,2024-07-23_T20-42-34,316,0.1,wpca,7,10,0.95,0.81,False,False,93619.89112305641,799,A40,sim-siva_dataset100_source12_sample32768_seed7.mat,results/MathPath2024/
fborhan1,2024-07-23_T20-41-34,200,0.001,wpca,7,100,0.65,0.9,True,False,118618.08058214188,799,A40,sim-siva_dataset100_source12_sample32768_seed7.mat,results/MathPath2024/
fborhan1,2024-07-23_T20-43-35,200,0.1,wpca,7,10,0.65,0.99,True,False,122049.68059396744,799,A40,sim-siva_dataset100_source12_sample32768_seed7.mat,results/MathPath2024/
fborhan1,2024-07-23_T20-33-48,500,0.001,wpca,7,10,0.95,0.99,True,False,142918.85341215134,799,RTX,sim-siva_dataset100_source12_sample32768_seed7.mat,results/MathPath2024/
fborhan1,2024-07-23_T20-34-47,200,0.1,wpca,7,100,0.95,0.99,False,False,208861.54895615578,799,RTX,sim-siva_dataset100_source12_sample32768_seed7.mat,results/MathPath2024/
fborhan1,2024-07-25_T01-31-00,500,0.001,wpca,7,100,0.65,0.81,False,False,139967.75907492638,799,RTX,sim-siva_dataset100_source12_sample32768_seed7.mat,results/MathPath2024/
fborhan1,2024-07-29_T03-59-20,500,0.001,wpca,7,100,0.65,0.81,False,False,140120.4380569458,799,RTX,sim-siva_dataset100_source12_sample32768_seed7.mat,results/MathPath2024/
fborhan1,2024-07-30_T22-26-36,323,0.00936,wpca,7,100,0.65,0.81,False,False,74715.57983899117,799,A100,sim-siva_dataset100_source12_sample32768_seed7.mat,results/MathPath2024/
fborhan1,2024-07-30_T22-10-40,323,0.00936,wpca,7,100,0.65,0.81,False,False,92546.99272203445,799,A40,sim-siva_dataset100_source12_sample32768_seed7.mat,results/MathPath2024/
fborhan1,2024-07-30_T22-05-35,500,0.001,wpca,7,100,0.65,0.81,False,False,139043.65435910225,799,RTX,sim-siva_dataset100_source12_sample32768_seed7.mat,results/MathPath2024/
fborhan1,2025-01-16_T17-51-47,323,0.00936,wpca,21,100,0.65,0.81,False,False,49781.747082948685,799,A100,sim-siva_dataset100_source12_sample32768_seed21.mat,results/MathPath2024/
fborhan1,2025-01-16_T22-30-15,500,0.001,wpca,21,100,0.65,0.81,False,False,36222.52576112747,799,V100,sim-siva_dataset100_source12_sample32768_seed21.mat,results/MathPath2024/
fborhan1,2025-01-16_T22-40-51,500,0.1,wpca,21,32,0.65,0.99,False,False,36057.01225590706,799,V100,sim-siva_dataset100_source12_sample32768_seed21.mat,results/MathPath2024/
fborhan1,2025-01-16_T23-14-10,500,0.001,wpca,21,10,0.8,0.99,False,False,35167.3702609539,799,A100,sim-siva_dataset100_source12_sample32768_seed21.mat,results/MathPath2024/
fborhan1,2025-01-16_T22-19-37,316,0.1,wpca,21,10,0.95,0.81,False,False,43787.27570581436,799,A100,sim-siva_dataset100_source12_sample32768_seed21.mat,results/MathPath2024/
fborhan1,2025-01-17_T00-19-22,500,0.1,wpca,21,10,0.95,0.9,False,False,37246.855155944824,799,V100,sim-siva_dataset100_source12_sample32768_seed21.mat,results/MathPath2024/
fborhan1,2025-01-16_T23-33-42,500,0.1,wpca,21,100,0.65,0.99,False,True,42343.58962607384,799,V100,sim-siva_dataset100_source12_sample32768_seed21.mat,results/MathPath2024/
fborhan1,2025-01-17_T00-35-34,500,0.001,wpca,21,100,0.95,0.81,False,False,39078.0413210392,799,V100,sim-siva_dataset100_source12_sample32768_seed21.mat,results/MathPath2024/
fborhan1,2025-01-17_T00-04-36,316,0.01,wpca,21,32,0.8,0.9,False,True,43080.89364004135,799,V100,sim-siva_dataset100_source12_sample32768_seed21.mat,results/MathPath2024/
fborhan1,2025-01-16_T21-57-53,200,0.1,wpca,21,100,0.95,0.99,False,False,51182.253044843674,799,V100,sim-siva_dataset100_source12_sample32768_seed21.mat,results/MathPath2024/
fborhan1,2025-01-16_T23-03-40,316,0.01,wpca,21,32,0.8,0.9,False,True,48186.01285195351,799,A100,sim-siva_dataset100_source12_sample32768_seed21.mat,results/MathPath2024/
fborhan1,2025-01-16_T22-51-55,200,0.001,wpca,21,10,0.65,0.99,False,False,50487.95995903015,799,V100,sim-siva_dataset100_source12_sample32768_seed21.mat,results/MathPath2024/
fborhan1,2025-01-16_T23-36-54,200,0.001,wpca,21,100,0.95,0.99,False,False,53049.71632695198,799,A100,sim-siva_dataset100_source12_sample32768_seed21.mat,results/MathPath2024/
fborhan1,2025-01-17_T00-01-04,200,0.01,wpca,21,10,0.65,0.81,False,False,53182.23924994469,799,V100,sim-siva_dataset100_source12_sample32768_seed21.mat,results/MathPath2024/
fborhan1,2025-01-17_T00-34-09,200,0.1,wpca,21,100,0.65,0.81,False,False,54169.27935910225,799,A100,sim-siva_dataset100_source12_sample32768_seed21.mat,results/MathPath2024/
fborhan1,2025-01-24_T19-10-16,500,0.01,wpca,21,100,0.95,0.99,True,False,65612.68724393845,799,A100,sim-siva_dataset100_source12_sample32768_seed21.mat,results/MathPath2024/
fborhan1,2025-01-24_T19-07-24,500,0.01,wpca,21,100,0.95,0.99,True,False,66604.49869894981,799,A100,sim-siva_dataset100_source12_sample32768_seed21.mat,results/MathPath2024/
fborhan1,2025-01-24_T19-07-59,500,0.1,wpca,21,100,0.95,0.81,True,False,67380.00231599808,799,A100,sim-siva_dataset100_source12_sample32768_seed21.mat,results/MathPath2024/
fborhan1,2025-01-24_T19-07-24,200,0.001,wpca,21,100,0.65,0.9,True,False,95749.43892002106,799,A100,sim-siva_dataset100_source12_sample32768_seed21.mat,results/MathPath2024/
fborhan1,2025-01-24_T19-04-58,200,0.1,wpca,21,10,0.65,0.99,True,False,96420.17553210258,799,A100,sim-siva_dataset100_source12_sample32768_seed21.mat,results/MathPath2024/
fborhan1,2025-01-24_T19-09-30,500,0.001,wpca,21,10,0.65,0.81,True,False,97233.27757406235,799,A100,sim-siva_dataset100_source12_sample32768_seed21.mat,results/MathPath2024/
fborhan1,2025-01-24_T19-10-50,316,0.001,wpca,21,100,0.65,0.99,True,False,116058.7784588337,799,A100,sim-siva_dataset100_source12_sample32768_seed21.mat,results/MathPath2024/
fborhan1,2025-01-25_T13-53-06,500,0.1,wpca,21,10,0.65,0.81,True,False,64836.47086596489,799,A100,sim-siva_dataset100_source12_sample32768_seed21.mat,results/MathPath2024/
fborhan1,2025-01-24_T19-10-00,200,0.1,wpca,21,10,0.95,0.99,True,False,146057.58565998077,799,A100,sim-siva_dataset100_source12_sample32768_seed21.mat,results/MathPath2024/
fborhan1,2025-01-25_T13-25-57,200,0.001,wpca,21,32,0.95,0.81,True,False,94996.39870500565,799,A100,sim-siva_dataset100_source12_sample32768_seed21.mat,results/MathPath2024/
fborhan1,2025-01-25_T21-46-23,500,0.001,wpca,21,10,0.95,0.99,True,False,66245.11140108109,799,A100,sim-siva_dataset100_source12_sample32768_seed21.mat,results/MathPath2024/
fborhan1,2025-01-25_T13-39-05,200,0.1,wpca,21,100,0.8,0.81,True,False,95652.9865911007,799,A100,sim-siva_dataset100_source12_sample32768_seed21.mat,results/MathPath2024/
fborhan1,2025-02-05_T21-10-11,500,0.1,wpca,21,10,0.65,0.81,True,False,64457.61970615387,799,A100,sim-siva_dataset100_source12_sample32768_seed21.mat,results/MathPath2024/
fborhan1,2025-02-05_T21-02-37,500,0.001,wpca,21,10,0.65,0.81,True,False,66260.92457294464,799,A100,sim-siva_dataset100_source12_sample32768_seed21.mat,results/MathPath2024/
fborhan1,2025-02-05_T21-08-54,500,0.001,wpca,21,100,0.95,0.81,False,False,66135.26478409767,799,A100,sim-siva_dataset100_source12_sample32768_seed21.mat,results/MathPath2024/
fborhan1,2025-02-05_T21-05-44,500,0.001,wpca,21,100,0.65,0.81,False,False,66354.62835288048,799,A100,sim-siva_dataset100_source12_sample32768_seed21.mat,results/MathPath2024/
fborhan1,2025-02-05_T21-02-46,200,0.1,wpca,21,10,0.95,0.99,True,False,94227.51547288895,799,A100,sim-siva_dataset100_source12_sample32768_seed21.mat,results/MathPath2024/
fborhan1,2025-02-05_T21-06-33,200,0.1,wpca,21,10,0.65,0.99,True,False,94032.67449378967,799,A100,sim-siva_dataset100_source12_sample32768_seed21.mat,results/MathPath2024/
fborhan1,2025-02-05_T20-59-48,200,0.1,wpca,21,100,0.95,0.99,False,False,95215.97304296494,799,A100,sim-siva_dataset100_source12_sample32768_seed21.mat,results/MathPath2024/
fborhan1,2025-02-05_T20-57-29,200,0.001,wpca,21,10,0.65,0.99,False,False,95716.00671601295,799,A100,sim-siva_dataset100_source12_sample32768_seed21.mat,results/MathPath2024/
fborhan1,2025-02-06_T15-32-43,500,0.001,wpca,21,10,0.95,0.99,True,False,65292.72688603401,799,A100,sim-siva_dataset100_source12_sample32768_seed21.mat,results/MathPath2024/
fborhan1,2025-02-06_T15-33-12,316,0.01,wpca,21,32,0.8,0.9,False,True,77347.98653697968,799,A100,sim-siva_dataset100_source12_sample32768_seed21.mat,results/MathPath2024/
fborhan1,2025-02-06_T15-06-49,200,0.001,wpca,21,100,0.95,0.99,False,False,92261.32150793076,799,A100,sim-siva_dataset100_source12_sample32768_seed21.mat,results/MathPath2024/
fborhan1,2025-02-06_T15-28-37,200,0.1,wpca,21,100,0.65,0.81,False,False,95223.44656920433,799,A100,sim-siva_dataset100_source12_sample32768_seed21.mat,results/MathPath2024/
fborhan1,2025-02-06_T23-34-57,316,0.01,wpca,21,32,0.8,0.9,False,True,116292.1121749878,799,A100,sim-siva_dataset100_source12_sample32768_seed21.mat,results/MathPath2024/
fborhan1,2025-02-12_T21-25-37,200,0.01,wpca,21,10,0.65,0.81,False,False,93277.08851408958,799,A100,sim-siva_dataset100_source12_sample32768_seed21.mat,results/MathPath2024/
fborhan1,2025-02-20_T22-42-01,200,0.01,wpca,21,10,0.65,0.81,False,False,94418.5457751751,799,A100,sim-siva_dataset100_source12_sample32768_seed21.mat,results/MathPath2024/
